target,mutation_id,species,evidence_type,assay_type,structure_position,structure_residue_name,ic50_or_activity_change,resistance_index,fold_change,requires_n_nucleotide_polymorphisms,field_observed,source_citation,source_doi,confidence,notes
FAT,R171K,Alopecurus myosuroides,engineered_predicted,in_vitro_recombinant_enzyme_ecoli,Arg171 (A. myosuroides FatA numbering; wheat-proxy alignment indicates this is likely NOT PDB 9GRR's Arg176),ARG,IC50 1.56e-5 M vs WT 3.02e-8 M; 60.87% residual activity,516.56,516.56x,3,False,Wagner et al. 2026 (bioRxiv),10.64898/2026.06.11.731613,high (primary-source table read directly),"Largest shift in study. Site-directed mutagenesis guided by docking, not observed in weed populations. Authors conclude field evolution 'extremely unlikely' due to 3-NP requirement."
FAT,R171Q,Alopecurus myosuroides,engineered_predicted,in_vitro_recombinant_enzyme_ecoli,Arg171 (A. myosuroides FatA numbering; wheat-proxy alignment indicates this is likely NOT PDB 9GRR's Arg176),ARG,no measurable IC50; 24.32% inhibition at 1e-4 M; 54.72% residual activity,not determined,not determined (no measurable IC50),2,False,Wagner et al. 2026 (bioRxiv),10.64898/2026.06.11.731613,high (primary-source table read directly),Engineered variant; not weed-evolved.
FAT,R171I,Alopecurus myosuroides,engineered_predicted,in_vitro_recombinant_enzyme_ecoli,Arg171 (A. myosuroides FatA numbering; wheat-proxy alignment indicates this is likely NOT PDB 9GRR's Arg176),ARG,no measurable IC50; 15.53% inhibition at 1e-4 M; 84.70% residual activity,not determined,not determined (no measurable IC50),2-3,False,Wagner et al. 2026 (bioRxiv),10.64898/2026.06.11.731613,high (primary-source table read directly),Engineered variant; not weed-evolved.
FAT,R171M,Alopecurus myosuroides,engineered_predicted,in_vitro_recombinant_enzyme_ecoli,Arg171 (A. myosuroides FatA numbering; wheat-proxy alignment indicates this is likely NOT PDB 9GRR's Arg176),ARG,no measurable IC50; 10.96% inhibition at 1e-4 M; 57.39% residual activity,not determined,not determined (no measurable IC50),3,False,Wagner et al. 2026 (bioRxiv),10.64898/2026.06.11.731613,high (primary-source table read directly),Engineered variant; not weed-evolved.
FAT,H112Q,Alopecurus myosuroides,engineered_predicted,in_vitro_recombinant_enzyme_ecoli,His112 (A. myosuroides FatA numbering),HIS,IC50 1.28e-7 M vs WT 3.02e-8 M,4.24,4.24x,1,False,Wagner et al. 2026 (bioRxiv),10.64898/2026.06.11.731613,high (primary-source table read directly),"Only a single nucleotide polymorphism required (true SNP-accessible route) but modest resistance magnitude -- authors' central risk tension: easy-to-evolve mutations are weak; strong mutations are hard to evolve."
FAT,W173L,Alopecurus myosuroides,engineered_predicted,in_vitro_recombinant_enzyme_ecoli,Trp173 (A. myosuroides FatA numbering),TRP,IC50 2.05e-7 M vs WT 3.02e-8 M,6.77,6.77x,2,False,Wagner et al. 2026 (bioRxiv),10.64898/2026.06.11.731613,high (primary-source table read directly),Engineered variant; not weed-evolved.
FAT,P192R,Alopecurus myosuroides,engineered_predicted,in_vitro_recombinant_enzyme_ecoli,Pro192 (A. myosuroides FatB numbering),PRO,IC50 1.60e-6 M vs WT 1.64e-7 M,9.76,9.76x,1-2,False,Wagner et al. 2026 (bioRxiv),10.64898/2026.06.11.731613,high (primary-source table read directly),Largest FAT B (not FAT A) shift in the study. Engineered variant; not weed-evolved.
FAT,metabolic_NTSR_R1_lab-selected,Lolium rigidum (Wickepin WA population; 2 rounds sublethal-dose selection),weed_derived_then_lab_selected,whole_plant_dose_response_soil_and_agar,not_applicable_non_target_site,not_applicable,ED50 26.5 g/ha (soil) vs S 7.9 g/ha; 15.9 nmol/L (coleoptile) vs S 11.8,3.4 (soil survival; not significant p=0.393); 1.4 (coleoptile; not significant p=0.340),3.4x / 1.4x,not applicable (NTSR),True (field-collected then lab-selected),Goggin et al. 2022 (Pest Manag Sci),10.1002/ps.6947,high (peer-reviewed; primary-source PDF read directly),"Enhanced P450-mediated oxidative metabolism (metabolite 4 correlates positively with resistance; phorate P450-inhibitor reverses it and restores sensitivity/synergizes toxicity). NOT a FAT target-site mutation -- out of scope for this repo's structural pooling, but the only real-world cinmethylin resistance signal on record. Resistance not statistically significant for R1 specifically."
FAT,metabolic_NTSR_R2_field,Lolium rigidum (Tammin WA population; field-screened; no further selection),weed_evolved_field_population,whole_plant_dose_response_soil_and_agar,not_applicable_non_target_site,not_applicable,ED50 57.1 g/ha (soil) vs S 7.9; 31.7 nmol/L (coleoptile) vs S 11.8 (p=0.003),7.2 (soil; not significant p=0.335); 2.7 (coleoptile; significant p=0.003),7.2x / 2.7x,not applicable (NTSR),True (field population; not officially confirmed resistant per authors' own caveat),Goggin et al. 2022 (Pest Manag Sci),10.1002/ps.6947,high (peer-reviewed; primary-source PDF read directly),"Same P450-metabolism mechanism as R1/R3. Statistically significant reduced coleoptile sensitivity. Authors explicitly note R1/R2/R3 are 'putatively' resistant, not officially confirmed."
FAT,metabolic_NTSR_R3_field,Lolium rigidum (Tammin WA population; field-screened; no further selection),weed_evolved_field_population,whole_plant_dose_response_soil_and_agar,not_applicable_non_target_site,not_applicable,ED50 63.1 g/ha (soil) vs S 7.9; 37.5 nmol/L (coleoptile) vs S 11.8 (p=0.001); 5.0 nmol/L (radicle) vs S 1.1 (p=0.043),8.0 (soil; not significant p=0.324); 3.2 (coleoptile; significant p=0.001); 4.5 (radicle; significant p=0.043),8.0x / 3.2x / 4.5x,not applicable (NTSR),True (field population; not officially confirmed resistant per authors' own caveat),Goggin et al. 2022 (Pest Manag Sci),10.1002/ps.6947,high (peer-reviewed; primary-source PDF read directly),"Largest and most consistent shift of the three field populations; significant on both coleoptile and radicle assays. Same P450-metabolism mechanism."
DHODH,G198E,Arabidopsis thaliana (Landsberg erecta),lab_selected_EMS_mutagenesis,recombinant_enzyme_assay_plus_transgenic_confirmation,Gly198 (At5g23300 / AtDHODH numbering),GLY,enzyme activity reduced ~290-fold vs WT (3.8 +/- 0.3 mmol/min/mg),not reported as resistance index,290x activity reduction,not reported (EMS-induced; not SNP-probability-modeled),False,Kang et al. 2023 (PNAS),10.1073/pnas.2313197120,high (primary-source PMC full text read directly),"Line 45R1. EMS chemical mutagenesis screen of ~24,000 seeds, not weed-evolved. G198E re-created transgenically in WT plants and conferred resistance, confirming causality."
DHODH,A141T,Arabidopsis thaliana (Landsberg erecta),lab_selected_EMS_mutagenesis,recombinant_enzyme_assay,Ala141 (At5g23300 / AtDHODH numbering),ALA,enzyme activity reduced ~140-fold vs WT,not reported as resistance index,140x activity reduction,not reported (EMS-induced; not SNP-probability-modeled),False,Kang et al. 2023 (PNAS),10.1073/pnas.2313197120,high (primary-source PMC full text read directly; corrects an earlier A141V mislabel from a secondary summary),"Line 60R1. Nucleotide change G421A, exon 3. EMS chemical mutagenesis screen, not weed-evolved."
