family,structure_position,mutation_ids,residue_name,proximity_class,mechanism_label,mechanism_evidence_level,dynamic_review_relevance,manuscript_interpretation,percentile_rank_distance_to_core,rsa_tien2013,normalized_conservation,bulkiness_delta,hydropathy_delta,charge_delta
ACCase,A:143,Ile1781Leu,ILE,direct_core,interface_induced_fit,literature_supported,"Ile1781Leu: direct-core CT dimer-interface position, near the cavity opening (Delye 2005); confers APP + some CHD resistance, catalytic activity unaltered. SWISS-MODEL residue is the weed wild-type Ile.","ACCase direct-interface benchmark, now using weed-model side-chain metrics.",3.7102473498233217,0.020434,0.9094747633372062,0.00,0.70,0
ACCase,B:403,Ile2041Asn,ILE,direct_core,direct_core,literature_supported,Ile2041Asn: the single ACCase substitution Delye 2005 modelled as directly interfering with herbicide binding (major steric clash with Phe2030); APP-selective. SWISS-MODEL residue is the weed wild-type Ile.,"ACCase direct-contact benchmark (APP-selective), now using weed-model side-chain metrics.",3.7102473498233217,0.107777,0.8495989735652243,8.58,8.00,0
ACCase,B:440,Asp2078Gly,ASP,non_core_candidate,second_shell_channel,literature_supported,"Asp2078Gly: bottom-of-cavity CT-domain position (Delye 2005); confers APP + CHD resistance including clethodim and reduces catalytic activity - a polar catalytic-pocket residue, not a direct herbicide contact.","Report as second-shell/catalytic-pocket, broad APP+CHD.",12.279151943462898,0.010429,1.0,8.28,3.10,1
ACCase,B:389,Trp2027Cys,TRP,non_core_candidate,second_shell_channel,literature_supported,"Trp2027Cys: bottom-of-cavity CT-domain position (Delye 2005); APP-only resistance and reduced catalytic activity, consistent with a second-shell/catalytic-pocket role rather than direct herbicide contact.","Report as second-shell/catalytic-pocket, APP-selective.",12.45583038869258,0.0,1.0,8.21,3.40,0
ACCase,B:458,Gly2096Ala,GLY,non_core_candidate,adjacent,literature_supported,"Gly2096Ala: near-pocket CT-domain position (Delye 2005); an added methyl protrudes into the cavity, APP-only. SWISS-MODEL residue is the weed wild-type Gly.","Report as adjacent, APP-selective, now using weed-model side-chain metrics.",15.282685512367491,0.017171,1.0,8.10,2.20,0
ACCase,B:450,Cys2088Arg,CYS,non_core_candidate,interface_induced_fit,literature_supported,Cys2088Arg (Yu 2007): most distal accepted ACCase position; APP + CHD incl clethodim. The SWISS-MODEL residue is the weed wild-type Cys; active-site-core membership is transferred from 1UYS H1L contacts because SWISS-MODEL excluded H1L.,Non-core candidate in the interface resistance zone; report with the transferred-core caveat.,31.978798586572438,0.084807,0.9042517966013457,0.82,7.00,1
ALS,122,Ala122Ser,ALA,direct_core,direct_core,literature_supported,Ala122 is an established ALS dimer-interface pocket TSR site (Tranel & Wright 2002); the A. palmeri A122S allele (Larran 2017) co-occurs with A282D so its individual causality is not isolated - included with medium confidence.,Direct-interface ALS position; report with the A282D-confound caveat.,4.639175257731959,0.001037,1.0,2.03,2.60,0
ALS,197,Pro197Ala,PRO,direct_core,direct_core,literature_supported,Pro197 is one of the most firmly established ALS TSR sites across weeds (Tranel & Wright 2002); Pro197Ala detected in A. palmeri by Singh et al. 2018 (with Trp574Leu). Direct-core dimer-interface pocket position.,Direct-core ALS benchmark; note Singh's Pro197Ala co-occurs with Trp574Leu.,4.639175257731959,0.002415,1.0,5.93,3.40,0
ALS,376,Asp376Glu,ASP,direct_core,direct_core,literature_supported,"Asp376Glu (Palma-Bautista et al. 2022) in Sinapis alba, GenBank OP681621/OP681622 - a clean single-SNP substitution with no co-occurring amino-acid change elsewhere in the gene, unlike Ala122Ser. Same Arabidopsis-convention numbering as every other ALS row; 1Z8N residue 376 verified ASP. Resistance in these populations is TSR (this mutation) plus a separate, unquantified NTSR metabolic contribution.",Direct-core ALS benchmark; cleanest single-substitution case in the ALS set.,4.639175257731959,0.054755,1.0,1.89,0.00,0
ALS,574,Trp574Leu,TRP,direct_core,direct_core,literature_supported,Review agrees this is a direct pocket/contact example where static structural mapping is expected to work well.,Use as direct-core ALS benchmark.,4.639175257731959,0.067388,1.0,0.27,4.70,0
ALS,653,Ser653Asn,SER,direct_core,direct_core,literature_supported,Direct ALS pocket position; dynamic cross-resistance details are outside this static resource's prediction scope.,Use as direct-core ALS benchmark.,4.639175257731959,0.210078,1.0,3.35,2.70,0
EPSPS,102,Thr102Ile,THR,direct_core,direct_core,literature_supported,"Thr102Ile (Yu et al. 2015) is part of the TIPS double mutation (with Pro106Ser) in a real weed-evolved Eleusine indica allele (GenBank KM078728, Malaysia field population). CAVEAT (medium confidence): T102I has never been observed or shown viable as a standalone mutation - the paper's own authors state it would likely be unfit/non-viable alone, which is why it has only ever been reported coupled with Pro106Ser.","Second EPSPS position; report with the TIPS-coupling caveat, analogous to the ALS Ala122Ser/A282D confound.",5.8690744920993225,0.047754,1.0,5.63,5.20,0
EPSPS,106,Pro106Ser,PRO,non_core_candidate,adjacent,literature_supported,"Pro106 is a glyphosate-binding-site-associated residue (Baerson 2002; corresponds to the Salmonella glyphosate-insensitive EPSPS substitution), not an allosteric site. Its 3.85 A CA distance sits just outside the 4.5 A atomic-contact core - a cutoff artifact, not evidence of allostery.","Treat as binding-site-adjacent / second-shell; EPSPS now has 2 unique accepted positions (Pro106, Thr102) after the Thr102Ile addition, still a small-n family relative to PPO/ALS/ACCase.",12.866817155756207,0.089990,1.0,7.96,0.80,0
PPO,98,R98G_R98M,ARG,direct_core,direct_core,literature_supported,Direct active-site/core residue; static proximity is expected to be informative.,Use as direct-pocket benchmark for PPO substitutions.,0.8602150537634409,0.215182,1.0,,,
PPO,370,G399A_R1;G399A_R2,GLY,non_core_adjacent,adjacent,literature_supported,Adjacent non-core site where static proximity plus literature mechanism support a binding-pocket interpretation.,Use as a near-core PPO resistance benchmark.,2.795698924731183,0.000041,1.0,8.10,2.20,0
PPO,178,deltaG210_pair1;deltaG210_pair2,GLY,non_core_adjacent,allosteric_hinge,literature_supported,Review's loop/helix critique is relevant; Dayan/Hao literature describes a deletion-linked structural mechanism not reducible to distance alone.,Highlight as the flagship non-core mechanistic exception: close to the active-site zone but distinctive by helix/deletion effects.,8.172043010752688,0.005095,0.7686217868402409,,,
PPO,332,V361A,VAL,non_core_candidate,unresolved_static_candidate,static_supported,"Static screen places this outside the immediate core, but mechanism remains unresolved and conservation is modest.",Keep as unresolved; do not overclaim dynamic mechanism without additional literature support.,20.21505376344086,0.0,0.5727741637221437,10.07,2.40,0
