family,structure_position,mutation_ids,residue_name,proximity_class,mechanism_label,mechanism_evidence_level,dynamic_review_relevance,manuscript_interpretation,percentile_rank_distance_to_core,rsa_tien2013,normalized_conservation
ACCase,B:1967,Ile2041Asn,VAL,direct_core,direct_core,literature_supported,"Ile2041Asn: the single ACCase substitution Delye 2005 modelled as directly interfering with herbicide binding (major steric clash with Phe2030); APP-selective. NOTE: yeast template residue is Val, not the weed Ile - side-chain metrics are template-derived.","ACCase direct-contact benchmark (APP-selective), with template-residue caveat.",3.1626506024096384,0.009468,0.8495989735652243
ACCase,C:1705,Ile1781Leu,LEU,direct_core,interface_induced_fit,literature_supported,"Ile1781Leu: direct-core CT dimer-interface position, near the cavity opening (Delye 2005); confers APP + some CHD resistance, catalytic activity unaltered. NOTE: yeast template already carries the resistant residue (Leu) here - side-chain metrics are template-derived, not weed-specific.","ACCase direct-interface benchmark, with induced-fit and template-residue caveats.",3.1626506024096384,-0.000000,0.9094747633372062
ACCase,B:2004,Asp2078Gly,ASP,non_core_adjacent,second_shell_channel,literature_supported,"Asp2078Gly: bottom-of-cavity CT-domain position (Delye 2005); confers APP + CHD resistance including clethodim and reduces catalytic activity - a polar catalytic-pocket residue, not a direct herbicide contact.","Report as second-shell/catalytic-pocket, broad APP+CHD.",8.659638554216867,0.002394,1.0
ACCase,B:1953,Trp2027Cys,TRP,non_core_candidate,second_shell_channel,literature_supported,"Trp2027Cys: bottom-of-cavity CT-domain position (Delye 2005); APP-only resistance and reduced catalytic activity, consistent with a second-shell/catalytic-pocket role rather than direct herbicide contact.","Report as second-shell/catalytic-pocket, APP-selective.",10.391566265060241,0.011331,1.0
ACCase,B:2022,Gly2096Ala,ALA,non_core_candidate,adjacent,literature_supported,"Gly2096Ala: near-pocket CT-domain position (Delye 2005); an added methyl protrudes into the cavity, APP-only. NOTE: yeast template already carries the resistant residue (Ala) here - side-chain metrics are template-derived.","Report as adjacent, APP-selective, with template-residue caveat.",12.801204819277109,0.010506,1.0
ACCase,B:2014,Cys2088Arg,MSE,non_core_candidate,interface_induced_fit,literature_supported,"Cys2088Arg (Yu 2007): most distal accepted ACCase position; APP + CHD incl clethodim. CAVEAT: maps to a yeast MSE (Met), not the weed Cys, and sits in a locally ambiguous alignment gap (Delye's 'more variable region') - distance is zone-level only; SASA/RSA are template-derived.",Non-core candidate in the interface resistance zone; report with the cross-species template caveat.,25.903614457831324,0.003127,0.9042517966013457
ALS,122,Ala122Ser,ALA,direct_core,direct_core,literature_supported,Ala122 is an established ALS dimer-interface pocket TSR site (Tranel & Wright 2002); the A. palmeri A122S allele (Larran 2017) co-occurs with A282D so its individual causality is not isolated - included with medium confidence.,Direct-interface ALS position; report with the A282D-confound caveat.,4.639175257731959,0.001037,1.0
ALS,574,Trp574Leu,TRP,direct_core,direct_core,literature_supported,Review agrees this is a direct pocket/contact example where static structural mapping is expected to work well.,Use as direct-core ALS benchmark.,4.639175257731959,0.067388,1.0
ALS,653,Ser653Asn,SER,direct_core,direct_core,literature_supported,Direct ALS pocket position; dynamic cross-resistance details are outside this static resource's prediction scope.,Use as direct-core ALS benchmark.,4.639175257731959,0.210078,1.0
EPSPS,106,Pro106Ser,PRO,non_core_candidate,adjacent,literature_supported,"Pro106 is a glyphosate-binding-site-associated residue (Baerson 2002; corresponds to the Salmonella glyphosate-insensitive EPSPS substitution), not an allosteric site. Its 3.85 A CA distance sits just outside the 4.5 A atomic-contact core - a cutoff artifact, not evidence of allostery.","Treat as binding-site-adjacent / second-shell, not allosteric. EPSPS remains underpowered with one accepted position and is a mapped case study, not a family-level test.",12.866817155756207,0.089990,1.0
PPO,98,R98G_R98M,ARG,direct_core,direct_core,literature_supported,Direct active-site/core residue; static proximity is expected to be informative.,Use as direct-pocket benchmark for PPO substitutions.,0.8602150537634409,0.215182,1.0
PPO,370,G399A_R1;G399A_R2,GLY,non_core_adjacent,adjacent,literature_supported,Adjacent non-core site where static proximity plus literature mechanism support a binding-pocket interpretation.,Use as a near-core PPO resistance benchmark.,2.795698924731183,0.000041,1.0
PPO,178,deltaG210_pair1;deltaG210_pair2,GLY,non_core_adjacent,allosteric_hinge,literature_supported,Review's loop/helix critique is relevant; Dayan/Hao literature describes a deletion-linked structural mechanism not reducible to distance alone.,Highlight as the flagship non-core mechanistic exception: close to the active-site zone but distinctive by helix/deletion effects.,8.172043010752688,0.005095,0.7686217868402409
PPO,332,V361A,VAL,non_core_candidate,unresolved_static_candidate,static_supported,"Static screen places this outside the immediate core, but mechanism remains unresolved and conservation is modest.",Keep as unresolved; do not overclaim dynamic mechanism without additional literature support.,20.21505376344086,-0.000000,0.5727741637221437
