family,mutation_id,species,wt_accession,mut_accession,native_position,structure_position,structure_chain_id,structure_pdb_position,structure_residue_name,weed_wt_residue,template_residue,template_matches_weed_residue,template_is_resistant_state,in_active_site_core,distance_to_active_site_core_A,distance_to_nearest_other_core_residue_A,percentile_rank_distance_to_core,sasa_A2,max_sasa_tien2013_A2,rsa_tien2013,shannon_entropy,normalized_conservation,n_species_present,n_species_total,mechanism_class,confidence,source_citation,source_doi,notes
PPO,deltaG210_pair1,Amaranthus tuberculatus,ABD52329.1,ABD52330.1,210,178,,178,GLY,GLY,GLY,True,False,FALSE,8.37135287752225,8.37135287752225,8.172043010752688,0.5299270758770547,104,0.005095,1.0,0.7686217868402409,10,10,helix_destabilization,high,Dayan et al. 2010 Biochim Biophys Acta 1804:1548-1556 (kinetics + MD); mutation orig. Patzoldt et al. 2006 PNAS 103:12329-12334,10.1016/j.bbapap.2010.04.004,"Accessions used directly in Dayan 2010's own Methods section - primary pair for the validation gate. Alternative account (Hao et al. 2009, J Phys Chem B 113:4865-4875, DOI 10.1021/jp807442n): loss of interchain Gly210-Ser424 H-bond - CONFIRMED directly from Hao 2009's own abstract (not just Dayan's summary of it). Weight Dayan 2010 as primary per DECISION_LOG; Hao 2009 is purely computational, no wet-lab kinetics."
PPO,deltaG210_pair2,Amaranthus tuberculatus,ABD52326.1,ABD52328.1,210,178,,178,GLY,GLY,GLY,True,False,FALSE,8.37135287752225,8.37135287752225,8.172043010752688,0.5299270758770547,104,0.005095,1.0,0.7686217868402409,10,10,helix_destabilization,high,Patzoldt et al. 2006 PNAS 103:12329-12334; same mechanism as pair1 per Dayan 2010,10.1073/pnas.0603137103,Second biological replicate pair from original Patzoldt 2006 deposit; not a duplicate/conflict with pair1. Background diffs vs pair1 WT: S476C (pair2 only) not implicated in resistance.
PPO,V361A,Amaranthus palmeri,MH910646.1,MH910647.1,361,332,,332,VAL,VAL,VAL,True,False,FALSE,11.733149705002493,11.733149705002493,20.21505376344086,0.0,174,0.0,1.8464393446710154,0.5727741637221437,10,10,pending,medium,"Nie, Harre & Young 2023, Plants 12(9):1886",10.3390/plants12091886,"Resistant allele carries 3 substitutions (S68N, V361A, R480T); paper's site-directed mutagenesis showed V361A alone is causal, R480T alone is proven non-causal, S68N is background variation. Mechanism class not yet resolved from a structural paper - flagged open, do not infer."
PPO,G399A_R1,Amaranthus palmeri,MK408978.1,MK408971.1,399,370,,370,GLY,GLY,GLY,True,False,FALSE,4.199617125405603,4.199617125405603,2.795698924731183,0.004272759381393598,104,0.000041,0.0,1.0,10,10,steric_clash,high,Rangani et al. 2019 Front Plant Sci 10:568,10.3389/fpls.2019.00568,R1 resistant genotype carries G399A plus background polymorphisms (E38D S68N R377G K432N) relative to S3 susceptible reference - none of the background positions implicated as causal.
PPO,G399A_R2,Amaranthus palmeri,MK408978.1,MK408972.1,399,370,,370,GLY,GLY,GLY,True,False,FALSE,4.199617125405603,4.199617125405603,2.795698924731183,0.004272759381393598,104,0.000041,0.0,1.0,10,10,steric_clash,high,Rangani et al. 2019 Front Plant Sci 10:568,10.3389/fpls.2019.00568,R2 resistant genotype: clean single-position difference from S3 at position 399 (G->A) - cleanest confirmation of G399A in this dataset.
PPO,R98G_R98M,Amaranthus palmeri,,,128,98,,98,ARG,ARG,ARG,True,False,TRUE,0.0,7.637760470190198,0.8602150537634409,58.95983735630159,274,0.215182,0.0,1.0,10,10,hydrogen_bond_disruption,medium,Giacomini et al. 2017 Pest Manag Sci 73:1559-1563,10.1002/ps.4581,"OPEN ITEM, CONFIRMED via full-text read (not just visible-text search): no GenBank accessions appear anywhere in Giacomini et al. 2017, including References/Acknowledgements. Sequencing was cDNA-based on individual plants (populations GPW/LPW/SPW resistant, KPW sensitive; Table 1 gives per-plant genotypes), not deposited full-length sequences. R98L (a different substitution at the homologous site) belongs to Ambrosia artemisiifolia (common ragweed), confirmed verbatim in the paper's own text. Mechanism detail (H-bond disruption with acifluorfen/fomesafen/sulfentrazone) still cited from Hao et al. 2014 JAFC, not yet read directly. Do not resolve accessions by inference; needs supplementary data or author correspondence."
ALS,Trp574Leu,Amaranthus palmeri,KY781916.1,KY781918.1,574,574,,574,TRP,TRP,TRP,True,False,TRUE,0.0,10.606712450142123,4.639175257731959,19.205647719455627,285,0.067388,0.0,1.0,9,9,pending,high,"Larran et al. 2017, Pest Manag Sci, Table 4 (allelic version C, R1 population, 1/8 clones)",10.1002/ps.4662,"Confirmed directly from paper's own Table 4 - S population (KY781916) explicitly labeled wild-type/susceptible, 8/8 clones identical. Native numbering = Arabidopsis thaliana convention per paper's own text, and matches the 1Z8N crystal structure's own residue numbering exactly (verified: residue 574 in 1Z8N chain A is TRP). No offset/alignment work needed, unlike PPO. Previously-reported TSR substitution (bold in Table 4) - well-established in the ALS literature (Tranel & Wright 2002 review, cited as ref 36)."
ALS,Ser653Asn,Amaranthus palmeri,KY781916.1,KY781923.1,653,653,,653,SER,SER,SER,True,False,TRUE,0.0,3.7948288498956098,4.639175257731959,32.56208103872035,155,0.210078,0.0,1.0,9,9,pending,high,"Larran et al. 2017, Pest Manag Sci, Table 4 (allelic version H, R2 population, 2/8 clones)",10.1002/ps.4662,"Same wild-type reference as Trp574Leu. Two independent clones (both accession KY781923.1 after dedup - Table 4 lists frequency 2/8) carry this single, isolated substitution. Verified: residue 653 in 1Z8N chain A is SER. Previously-reported TSR substitution (bold in Table 4)."
ALS,Ala122Ser,Amaranthus palmeri,KY781916.1,KY781920.1,122,122,,122,ALA,ALA,ALA,True,False,TRUE,0.0,3.8050826535043862,4.639175257731959,0.1337617455622535,129,0.001037,0.0,1.0,9,9,pending,medium,"Larran et al. 2017, Pest Manag Sci, Table 4 (allelic version E, R2 population, 2/8 clones); position 122 is an established ALS TSR site (Tranel & Wright 2002)",10.1002/ps.4662,"Larran 2017 reports A122S in A. palmeri (first plant report of Ser at 122; position 122 is a well-established ALS TSR site). CAVEAT: in Larran's deposits A122S co-occurs with A282D (allelic version E / KY781920), so A122S individual causality was not isolated; confidence=medium. Structure mapping: 1Z8N chain A residue 122 is ALA (verified), Arabidopsis-convention numbering, in the dimer-interface active-site core. Additional clean single-allele A. palmeri ALS positions (Pro197, Asp376) require the paywalled Kupper et al. 2018 Pest Manag Sci 74:x (DOI 10.1002/ps.5232) - see HANDOFF_NEXT_STEPS.md."
ALS,Pro197Ala,Amaranthus palmeri,KT833339.1,,197,197,,197,PRO,PRO,PRO,True,False,TRUE,0.0,3.8390739768855795,4.639175257731959,0.38399970714584697,159,0.002415,0.0,1.0,9,9,pending,high,"Singh et al. 2018, Pest Manag Sci 74:2286-2295 (Pro197Ala detected in A. palmeri, MIS11-A); Ji et al. 2025, Plants 14:525 (Pro197 in A. palmeri); position 197 is a well-established ALS TSR site (Tranel & Wright 2002)",10.1002/ps.5232,"Singh 2018 detected Pro197Ala in A. palmeri (found together with Trp574Leu; Pro197Ala confers SU resistance per the paper). Reference-numbered to the A. palmeri ALS reference KT833339.1 (susceptible); Singh deposited no per-plant mutant accessions (their 'accessions' are field localities, not GenBank deposits), so no paired mutant accession is claimed - same treatment as the ACCase reference-numbered rows. Pro197 is one of the most firmly established ALS TSR positions across weeds. Structure mapping: 1Z8N chain A residue 197 is PRO (verified), Arabidopsis-convention numbering, in the dimer-interface active-site core. Asp376 was NOT added: Singh 2018 lists it only as a known locus and did not detect it in their A. palmeri plants, and no A. palmeri Asp376 primary source is in hand."
EPSPS,Pro106Ser,Eleusine indica,AJ417034.1,AJ417033.1,106,106,,106,PRO,PRO,PRO,True,False,False,3.847435769444372,3.847435769444372,12.866817155756207,14.30848846052983,159,0.089990,0.0,1.0,7,8,reduced_glyphosate_binding,high,Baerson et al. 2002 Plant Physiology 129:1265-1275; PMID 12114580,10.1104/pp.001560,"Peer-reviewed GenBank-linked accession pair: PubMed metadata lists AJ417033/AJ417034; GenBank records label AJ417033 as epsps-R and AJ417034 as epsps-S. Baerson reports mature-protein Pro106Ser; GenBank translated partial-protein difference is position 107 (resistant=Ser, susceptible=Pro), mapped by local alignment to 8UMJ maize sequence position 107 / PDB residue 106. Correction note: 8UMJ includes an initiating MET numbered 0, so FASTA sequence position 107 corresponds to PDB residue 106, not 108. AJ417033 also carries a second translated difference at position 382 (resistant=Leu, susceptible=Pro), but Baerson reports that the second substitution does not contribute significantly to reduced glyphosate sensitivity."
ACCase,Ile1781Leu,Alopecurus myosuroides,AJ310767.1,,1781,A:143,A,143,ILE,ILE,ILE,True,False,True,0.0,5.006753239375792,3.7102473498233217,4.025427386799721,197,0.020434,0.39124356362925566,0.9094747633372062,13,14,reduced_inhibitor_binding,high,Delye et al. 2005 Plant Physiology 137:794-806; Yu et al. 2007 Plant Physiology 145:547-558,10.1104/pp.104.046144,Reference/numbering accession verified from Delye 2005 text: all nucleotide and amino-acid positions correspond to black-grass chloroplastic ACCase AJ310767. Mutation is a previously established ACCase resistance substitution in Delye 2005 and is detected in resistant Lolium populations in Yu 2007 Table III. Structure mapping uses AJ310767 CT-domain alignment to 1UYS; Delye 2005 assigns the 1781 side chain to the C-chain side of the dimeric binding cavity.
ACCase,Trp2027Cys,Alopecurus myosuroides,AJ310767.1,,2027,B:389,B,389,TRP,TRP,TRP,True,False,False,5.679781862008435,5.679781862008435,12.45583038869258,0.0,285,0.0,0.0,1.0,12,14,reduced_inhibitor_binding_low_activity,high,Delye et al. 2005 Plant Physiology 137:794-806; Yu et al. 2007 Plant Physiology 145:547-558,10.1104/pp.104.046144,Delye 2005 identifies Trp2027Cys from sequencing resistant black-grass seedlings and concludes it confers APP resistance but not CHD resistance; Yu 2007 detects 2027-Cys in resistant Lolium plants. No single full-length resistant accession is claimed; row is reference-numbered to AJ310767.
ACCase,Ile2041Asn,Alopecurus myosuroides,AJ310767.1,,2041,B:403,B,403,ILE,ILE,ILE,True,False,True,0.0,3.814379372846914,3.7102473498233217,21.232056014217157,197,0.107777,0.6500224216483541,0.8495989735652243,12,14,reduced_inhibitor_binding,high,Delye et al. 2005 Plant Physiology 137:794-806; Yu et al. 2007 Plant Physiology 145:547-558,10.1104/pp.104.046144,Previously established ACCase resistance substitution discussed in Delye 2005 using AJ310767 numbering; Yu 2007 detects 2041-Asn in resistant Lolium plants. Structure mapping uses B-chain homolog in 1UYS.
ACCase,Asp2078Gly,Alopecurus myosuroides,AJ310767.1,,2078,B:440,B,440,ASP,ASP,ASP,True,False,False,5.642848660029795,5.642848660029795,12.279151943462898,2.0127136933998604,193,0.010429,0.0,1.0,12,14,reduced_inhibitor_binding_low_activity,high,Delye et al. 2005 Plant Physiology 137:794-806; Yu et al. 2007 Plant Physiology 145:547-558,10.1104/pp.104.046144,Delye 2005 identifies Asp2078Gly from resistant black-grass seedlings and concludes it confers resistance to APPs and CHDs; Yu 2007 detects 2078-Gly broadly in resistant Lolium populations. No single full-length resistant accession is claimed; row is reference-numbered to AJ310767.
ACCase,Cys2088Arg,Lolium spp.,AY995232; AJ310767,EF538937-EF538943,2088,B:450,B,450,CYS,CYS,CYS,True,False,False,11.924857609212786,11.924857609212786,31.978798586572438,14.162823281158385,167,0.084807,0.41381685030363374,0.9042517966013457,12,14,reduced_inhibitor_binding,high,Yu et al. 2007 Plant Physiology 145:547-558,10.1104/pp.107.105262,"Yu 2007 identifies Cys2088Arg as a new ACCase resistance mutation in resistant Lolium populations, states that amino-acid positions correspond to full-length plastidic ACCase in A. myosuroides, and deposits the 2088-region sequences as EF538937-EF538943. The assembled Lolium contig is closest to plastidic Lolium ACCase AY995232 and maps to AJ310767 numbering for structural comparison."
ACCase,Gly2096Ala,Alopecurus myosuroides,AJ310767.1,,2096,B:458,B,458,GLY,GLY,GLY,True,False,False,7.264685265033854,7.264685265033854,15.282685512367491,1.785765040104534,104,0.017171,0.0,1.0,12,14,reduced_inhibitor_binding,high,Delye et al. 2005 Plant Physiology 137:794-806,10.1104/pp.104.046144,Delye 2005 identifies Gly2096Ala from resistant black-grass seedlings and concludes it confers APP resistance but not CHD resistance. Row is reference-numbered to AJ310767; no single full-length resistant accession is claimed.
